nome,email,senha
Amanda Nelva,amanda.nelva@example.com,12345678
Glauber Vinicius,glauber.vinicius@example.com,12345678
Annah Louise,annah.louise@example.com,12345678
Monique Evelin,monique.evelin@example.com,12345678
Eva Mendes,eva.mendes@example.com,12345678
Felipe Almeida,felipe.almeida@example.com,12345678
Gabriela Rocha,gabriela.rocha@example.com,12345678
Henrique Lima,henrique.lima@example.com,12345678
Isabela Fernandes,isabela.fernandes@example.com,12345678
João Pereira,joao.pereira@example.com,12345678
Luana Martins,luana.martins@example.com,12345678
Marcos Silva,marcos.silva@example.com,12345678
Natália Dias,natalia.dias@example.com,12345678
Otávio Santos,otavio.santos@example.com,12345678
Paula Gomes,paula.gomes@example.com,12345678
Rafael Teixeira,rafael.teixeira@example.com,12345678
Samantha Nunes,samantha.nunes@example.com,12345678
Thiago Cardoso,thiago.cardoso@example.com,12345678
Vanessa Sampaio,vanessa.sampaio@example.com,12345678
William Alves,william.alves@example.com,12345678
Amanda Ribeiro,amanda.ribeiro@example.com,12345678
Bruno Ferreira,bruno.ferreira@example.com,12345678
Clara Martins,clara.martins@example.com,12345678
David Costa,david.costa@example.com,12345678
Eloá Campos,eloá.campos@example.com,12345678
Felipe Novaes,felipe.novaes@example.com,12345678
Gabby Almeida,gabby.almeida@example.com,12345678
Igor de Souza,igor.desouza@example.com,12345678
Juliana Freitas,juliana.freitas@example.com,12345678
Kátia Mendes,katia.mendes@example.com,12345678
Leonardo Baptista,leonardo.baptista@example.com,12345678
Mariana Rocha,mariana.rocha@example.com,12345678
Nestor Paiva,nestor.paiva@example.com,12345678
Olívia Santana,olivia.santana@example.com,12345678
Paulo Andrade,paulo.andrade@example.com,12345678
Quésia Ribeiro,quesia.ribeiro@example.com,12345678
Renan Pires,renan.pires@example.com,12345678
Sara Mendes,sara.mendes@example.com,12345678
Tiago Ramos,tiago.ramos@example.com,12345678
Úrsula Lopes,ursula.lopes@example.com,12345678
Vitor Hugo,vitor.hugo@example.com,12345678
Wagner Ribeiro,wagner.ribeiro@example.com,12345678
Xênia Lima,xenia.lima@example.com,12345678
Yara Martins,yara.martins@example.com,12345678
Zé Carlos,ze.carlos@example.com,12345678
André Carvalho,andre.carvalho@example.com,12345678
Beatriz Araújo,beatriz.araujo@example.com,12345678
Caio Teixeira,caio.teixeira@example.com,12345678
Débora Lima,debora.lima@example.com,12345678
Ezequiel Souza,ezequiel.souza@example.com,12345678
Fátima Costa,fatima.costa@example.com,12345678
Gustavo Martins,gustavo.martins@example.com,12345678
Helena Campos,helena.campos@example.com,12345678
Igor Santos,igor.santos@example.com,12345678
Janaina Gomes,janaina.gomes@example.com,12345678
Kelvin Andrade,kelvin.andrade@example.com,12345678
Larissa Freitas,larissa.freitas@example.com,12345678
Marcos Vinícius,marcos.vinicius@example.com,12345678
Nicollas Almeida,nicollas.almeida@example.com,12345678
Olavo Santos,olavo.santos@example.com,12345678
Paty Lopes,paty.lopes@example.com,12345678
Quirino Ribeiro,quirino.ribeiro@example.com,12345678
Raquel Pereira,raquel.pereira@example.com,12345678
Silas Nunes,silas.nunes@example.com,12345678
Thaina Rocha,thaina.rocha@example.com,12345678
Uéliton Alves,ueliton.alves@example.com,12345678
Vitória Sousa,vitoria.sousa@example.com,12345678
Wilma Neres,wilma.neres@example.com,12345678
Xerxes Costa,xerxes.costa@example.com,12345678
Ygor Lima,ygor.lima@example.com,12345678
Zilda Martins,zilda.martins@example.com,12345678
Arthur Paes,arthur.paes@example.com,12345678
Bia Almeida,bia.almeida@example.com,12345678
Carlos Eduardo,carlos.eduardo@example.com,12345678
Dalila Rocha,dalila.rocha@example.com,12345678
Emerson Silva,emerson.silva@example.com,12345678
Flávia Santos,flavia.santos@example.com,12345678
Henrique Gomes,henrique.gomes@example.com,12345678
Iara Lopes,iara.lopes@example.com,12345678
Jeferson Costa,jeferson.costa@example.com,12345678
Kellen Pires,kellen.pires@example.com,12345678
Leonardo Martins,leonardo.martins@example.com,12345678
Monica Campos,monica.campos@example.com,12345678
Nicolas Santos,nicolas.santos@example.com,12345678
Odete Lima,odete.lima@example.com,12345678
Paulo Henrique,paulo.henrique@example.com,12345678
Querubim Oliveira,querubim.oliveira@example.com,12345678
Roberta Nascimento,roberta.nascimento@example.com,12345678
Sandro Martins,sandro.martins@example.com,12345678
Tomas Andrade,tomas.andrade@example.com,12345678
Ulisses Rocha,ulisses.rocha@example.com,12345678
Vanessa Alves,vanessa.alves@example.com,12345678
Wallas Peixoto,wallas.peixoto@example.com,12345678
Ana Silva,ana.silva@example.com,12345678
Bruno Souza,bruno.souza@example.com,12345678
Carla Costa,carla.costa@example.com,12345678
Daniel Oliveira,daniel.oliveira@example.com,12345678
Orcy Zampelly,orcy.zamp@example.com,12345678
Percy Jackson,percy.jackson@example.com,12345678
Suelen Mapa,suelen.mapa@example.com,12345678